path, tags
images/cool-car-for-sale-20-5_1600x0w.jpg,"racer,sports_car,go-kart,car_wheel,crash_helmet"
images/9K6A0923-01.jpeg,"stage,harmonica,theater_curtain,ocarina,television"
images/IMG-20191019-WA0027.jpg,"academic_gown,mortarboard,vestment,poncho,parachute"
images/R369a4c23bb9f6d71eeb7770fa92d8265.jpg,"lakeside,alp,valley,boathouse,canoe"
images/Rf89a7c0b476ae875aa0343740b9677d8.jpg,"tricycle,go-kart,lawn_mower,racer,motor_scooter"
images/R369a4c23bb9f6d71eeb7770fa92d8265.jpg,"lakeside,alp,valley,boathouse,canoe"
images/WhatsApp_Image_2021-03-06_at_8.54.25_PM.jpeg,"unicycle,chain,mountain_bike,bicycle-built-for-two,torch"
images/R369a4c23bb9f6d71eeb7770fa92d8265.jpg,"lakeside,alp,valley,boathouse,canoe"
images/cow-and-horse-in-the-field-1024x597.jpg,"sorrel,ox,plow,worm_fence,hartebeest"
images/horse.jpeg,"sorrel,hartebeest,worm_fence,ox,gazelle"
images/p-for-you-ceramic-coffee-mug-big-size-132391-m.webp,"coffee_mug,switch,measuring_cup,eggnog,cellular_telephone"
images/milk-and-coffee-mug-500x500.jpg,"cup,coffee_mug,whiskey_jug,pitcher,espresso"
images/download_1.jpeg,"worm_fence,Saluki,sorrel,whippet,ox"
images/jpg.webp,"hippopotamus,hog,Weimaraner,sea_lion,dugong"
images/unnamed.jpg,"hippopotamus,sea_lion,Indian_elephant,coho,barracouta"
images/How-Long-Is-A-Horse-Pregnant_.webp,"sorrel,Ibizan_hound,Saluki,basenji,hartebeest"
images/IMG-20200223-WA0010.jpg,"bicycle-built-for-two,mountain_bike,tricycle,jinrikisha,dogsled"
images/IMG_20200215_000502.jpg,"suit,abaya,jean,bow_tie,cloak"
images/sunrise-on-a-paris-street--tommie-hansen-flickr-e1484816402657.jpg,"church,streetcar,cab,bell_cote,monastery"
images/IMG_20200215_005752.jpg,"bullet_train,suit,stretcher,space_shuttle,jean"
images/IMG_20190817_105524-01.jpeg,"jigsaw_puzzle,fountain,book_jacket,tray,umbrella"
images/download.jpeg,"sports_car,racer,car_wheel,speedboat,convertible"
images/download.jpeg,"sports_car,racer,car_wheel,speedboat,convertible"
images/download.jpeg,"sports_car,racer,car_wheel,speedboat,convertible"
images/download.jpeg,"sports_car,racer,car_wheel,speedboat,convertible"
images/download.jpeg,"sports_car,racer,car_wheel,speedboat,convertible"
images/download.jpeg,"sports_car,racer,car_wheel,speedboat,convertible"
images/download.jpeg,"sports_car,racer,car_wheel,speedboat,convertible"
images/download.jpeg,"sports_car,racer,car_wheel,speedboat,convertible"
images/download.jpeg,"sports_car,racer,car_wheel,speedboat,convertible"
